Variable,Count,Unique Counts,Missing Percent,Minimum,Maximum,Average,Std dev,CV,Skewness,Kurtosis,Median,1st quartile,3rd quartile,IQR
Survived,891.0,2,0.0,0.0,1.0,0.3838383838383838,0.4865924542648585,1.2677013940058155,0.4785234382949897,-1.775004671066304,0.0,0.0,1.0,1.0
Pclass,891.0,3,0.0,1.0,3.0,2.308641975308642,0.8360712409770513,0.3621485054499527,-0.6305479068752845,-1.2800149715782825,3.0,2.0,3.0,1.0
Age,714.0,88,19.870000000000005,0.42,80.0,29.69911764705882,14.526497332334044,0.48912218554656756,0.38910778230082704,0.17827415364210353,28.0,20.125,38.0,17.875
SibSp,891.0,7,0.0,0.0,8.0,0.5230078563411896,1.1027434322934275,2.1084643737627555,3.6953517271630565,17.880419726645968,0.0,0.0,1.0,1.0
Parch,891.0,7,0.0,0.0,6.0,0.38159371492704824,0.8060572211299559,2.1123440706670316,2.7491170471010933,9.778125179021648,0.0,0.0,0.0,0.0
Fare,891.0,248,0.0,0.0,512.3292,32.2042079685746,49.693428597180905,1.5430725278408517,4.787316519674893,33.39814088089868,14.4542,7.9104,31.0,23.0896
